student_id,code,name,credits,grade,term,category
S001,MT1031,會計學(上),3,80,114-1,
S001,MT1021,企業概論,3,80,114-1,
S001,MA1005,微積分,3,80,114-1,
S001,IM1001,計算機概論I,3,80,114-1,
S001,IM1013,初階程式設計,3,80,114-1,
S001,CH-1,國文(上),3,80,114-1,國文
S001,EN-1,大一英文(上),3,80,114-1,外文
S001,PE-1,大一體育,0,80,114-1,體育
S001,SL-1,服務學習(一),0,80,114-1,服務學習
S001,MT1032,會計學(下),3,80,114-2,
S001,MA1006,微積分(下),3,80,114-2,
S001,IM1023,程式設計,3,80,114-2,
S001,IM1018,資訊管理導論,3,80,114-2,
S001,CH-2,國文(下),2,80,114-2,國文
S001,EN-2,大一英文(下),3,80,114-2,外文
S001,PE-2,大一體育,0,80,114-2,體育
S001,MT2041,統計學(上),3,80,115-1,
S001,MT1011,經濟學(上),3,80,115-1,
S001,IM2046,作業系統,3,80,115-1,
S001,IM2011,資料與檔案結構,3,80,115-1,
S001,IM3029,網頁程式設計,3,80,115-1,
S001,GC-1,通識核心：人文思想,3,80,115-1,通識核心
S001,PE-3,體育,0,80,115-1,體育
S001,MT2042,統計學(下),3,80,115-2,
S001,MT1012,經濟學(下),3,80,115-2,
S001,IM2002,資料庫管理,3,80,115-2,
S001,IM3061,企業資料通訊,3,80,115-2,
S001,GE-1,通識：科技與社會,3,80,115-2,通識
S001,PE-4,體育,0,80,115-2,體育
S001,IM3059,行銷學,3,80,116-1,
S001,IM3069,系統分析與設計,3,80,116-1,
S001,IM3003,作業研究I,3,80,116-1,
S001,IM3070,組織行為,3,80,116-1,
S001,GE-2,通識：藝術欣賞,3,80,116-1,通識
S001,PE-5,體育,0,80,116-1,體育
S001,IM3078,人工智慧與機器學習,3,80,116-2,
S001,IM2037,演算法,3,80,116-2,
S001,IM3031,電子商務,3,80,116-2,
S001,IM3028,資訊系統發展專題I,3,80,116-2,
S001,GE-3,通識：環境永續,3,80,116-2,通識
S001,SL-2,服務學習(二),0,80,116-2,服務學習
S001,IM4001,資訊系統發展專題II,3,80,117-1,
S001,IM4048,管理資訊系統,3,80,117-1,
S001,GE-4,通識：心理與生活,2,80,117-1,通識
S001,IM9001,Python（示意課號）,3,85,117-1,
S001,IM9002,電腦網路安全（示意課號）,3,85,117-1,
S001,IM9003,商業智慧（示意課號）,3,85,117-1,
S001,IM9004,資料科學與機器學習（示意課號）,3,85,117-2,
S001,IM9005,顧客關係管理（示意課號）,3,85,117-2,
S001,FN3001,財務管理（外系）,3,85,117-2,
S001,EE1001,電路學（外系）,3,85,117-2,
S002,MT1031,會計學(上),3,80,114-1,
S002,MT1021,企業概論,3,80,114-1,
S002,MA1005,微積分,3,80,114-1,
S002,IM1001,計算機概論I,3,80,114-1,
S002,IM1013,初階程式設計,3,80,114-1,
S002,CH-1,國文(上),3,80,114-1,國文
S002,EN-1,大一英文(上),3,80,114-1,外文
S002,PE-1,大一體育,0,80,114-1,體育
S002,SL-1,服務學習(一),0,80,114-1,服務學習
S002,MT1032,會計學(下),3,80,114-2,
S002,MA1006,微積分(下),3,80,114-2,
S002,IM1023,程式設計,3,80,114-2,
S002,IM1018,資訊管理導論,3,80,114-2,
S002,CH-2,國文(下),2,80,114-2,國文
S002,EN-2,大一英文(下),3,80,114-2,外文
S002,PE-2,大一體育,0,80,114-2,體育
S002,MT2041,統計學(上),3,80,115-1,
S002,MT1011,經濟學(上),3,80,115-1,
S002,IM2046,作業系統,3,80,115-1,
S002,IM3029,網頁程式設計,3,80,115-1,
S002,GC-1,通識核心：人文思想,3,80,115-1,通識核心
S002,PE-3,體育,0,80,115-1,體育
S002,IM2011,資料與檔案結構,3,52,115-1,
S003,MT1031,會計學(上),3,80,114-1,
S003,MT1021,企業概論,3,80,114-1,
S003,MA1005,微積分,3,80,114-1,
S003,IM1001,計算機概論I,3,80,114-1,
S003,IM1013,初階程式設計,3,80,114-1,
S003,CH-1,國文(上),3,80,114-1,國文
S003,EN-1,大一英文(上),3,80,114-1,外文
S003,PE-1,大一體育,0,80,114-1,體育
S003,SL-1,服務學習(一),0,80,114-1,服務學習
S003,MT1032,會計學(下),3,80,114-2,
S003,MA1006,微積分(下),3,80,114-2,
S003,IM1023,程式設計,3,80,114-2,
S003,IM1018,資訊管理導論,3,80,114-2,
S003,CH-2,國文(下),2,80,114-2,國文
S003,EN-2,大一英文(下),3,80,114-2,外文
S003,PE-2,大一體育,0,80,114-2,體育
S003,XFER-01,轉學抵免：程式語言（他校）,3,80,114-1,抵免
S004,MT1031,會計學(上),3,80,114-1,
S004,MT1021,企業概論,3,80,114-1,
S004,MA1005,微積分,3,80,114-1,
S004,IM1001,計算機概論I,3,80,114-1,
S004,IM1013,初階程式設計,3,80,114-1,
S004,CH-1,國文(上),3,80,114-1,國文
S004,EN-1,大一英文(上),3,80,114-1,外文
S004,PE-1,大一體育,0,80,114-1,體育
S004,SL-1,服務學習(一),0,80,114-1,服務學習
S004,MT1032,會計學(下),3,80,114-2,
S004,MA1006,微積分(下),3,80,114-2,
S004,IM1023,程式設計,3,80,114-2,
S004,IM1018,資訊管理導論,3,80,114-2,
S004,CH-2,國文(下),2,80,114-2,國文
S004,EN-2,大一英文(下),3,80,114-2,外文
S004,PE-2,大一體育,0,80,114-2,體育
S004,MT2041,統計學(上),3,80,115-1,
S004,MT1011,經濟學(上),3,80,115-1,
S004,IM2046,作業系統,3,80,115-1,
S004,IM2011,資料與檔案結構,3,80,115-1,
S004,IM3029,網頁程式設計,3,80,115-1,
S004,GC-1,通識核心：人文思想,3,80,115-1,通識核心
S004,PE-3,體育,0,80,115-1,體育
S004,MT2042,統計學(下),3,80,115-2,
S004,MT1012,經濟學(下),3,80,115-2,
S004,IM2002,資料庫管理,3,80,115-2,
S004,IM3061,企業資料通訊,3,80,115-2,
S004,GE-1,通識：科技與社會,3,80,115-2,通識
S004,PE-4,體育,0,80,115-2,體育
S004,IM3059,行銷學,3,80,116-1,
S004,IM3069,系統分析與設計,3,80,116-1,
S004,IM3003,作業研究I,3,80,116-1,
S004,IM3070,組織行為,3,80,116-1,
S004,GE-2,通識：藝術欣賞,3,80,116-1,通識
S004,PE-5,體育,0,80,116-1,體育
S004,IM3078,人工智慧與機器學習,3,80,116-2,
S004,IM2037,演算法,3,80,116-2,
S004,IM3031,電子商務,3,80,116-2,
S004,IM3028,資訊系統發展專題I,3,80,116-2,
S004,GE-3,通識：環境永續,3,80,116-2,通識
S004,SL-2,服務學習(二),0,80,116-2,服務學習
S004,IM4001,資訊系統發展專題II,3,80,117-1,
S004,IM4048,管理資訊系統,3,80,117-1,
S004,GE-4,通識：心理與生活,2,80,117-1,通識
S004,FN3001,財務管理（外系）,3,85,117-2,
S004,EE1001,電路學（外系）,3,85,117-2,
S004,EC2001,個體經濟（外系）,3,85,117-2,
S004,PH1001,普通物理（外系）,3,85,117-2,
S004,LW1001,法學緒論（外系）,3,85,117-2,
S004,CS3001,編譯器（外系）,3,85,117-2,
S004,MG3001,賽局理論（外系）,3,85,117-2,
